,ref_time
0,09:30:00
1,09:31:00
2,09:32:00
3,09:33:00
4,09:34:00
5,09:35:00
6,09:36:00
7,09:37:00
8,09:38:00
9,09:39:00
10,09:40:00
11,09:41:00
12,09:42:00
13,09:43:00
14,09:44:00
15,09:45:00
16,09:46:00
17,09:47:00
18,09:48:00
19,09:49:00
20,09:50:00
21,09:51:00
22,09:52:00
23,09:53:00
24,09:54:00
25,09:55:00
26,09:56:00
27,09:57:00
28,09:58:00
29,09:59:00
30,10:00:00
31,10:01:00
32,10:02:00
33,10:03:00
34,10:04:00
35,10:05:00
36,10:06:00
37,10:07:00
38,10:08:00
39,10:09:00
40,10:10:00
41,10:11:00
42,10:12:00
43,10:13:00
44,10:14:00
45,10:15:00
46,10:16:00
47,10:17:00
48,10:18:00
49,10:19:00
50,10:20:00
51,10:21:00
52,10:22:00
53,10:23:00
54,10:24:00
55,10:25:00
56,10:26:00
57,10:27:00
58,10:28:00
59,10:29:00
60,10:30:00
61,10:31:00
62,10:32:00
63,10:33:00
64,10:34:00
65,10:35:00
66,10:36:00
67,10:37:00
68,10:38:00
69,10:39:00
70,10:40:00
71,10:41:00
72,10:42:00
73,10:43:00
74,10:44:00
75,10:45:00
76,10:46:00
77,10:47:00
78,10:48:00
79,10:49:00
80,10:50:00
81,10:51:00
82,10:52:00
83,10:53:00
84,10:54:00
85,10:55:00
86,10:56:00
87,10:57:00
88,10:58:00
89,10:59:00
90,11:00:00
91,11:01:00
92,11:02:00
93,11:03:00
94,11:04:00
95,11:05:00
96,11:06:00
97,11:07:00
98,11:08:00
99,11:09:00
100,11:10:00
101,11:11:00
102,11:12:00
103,11:13:00
104,11:14:00
105,11:15:00
106,11:16:00
107,11:17:00
108,11:18:00
109,11:19:00
110,11:20:00
111,11:21:00
112,11:22:00
113,11:23:00
114,11:24:00
115,11:25:00
116,11:26:00
117,11:27:00
118,11:28:00
119,11:29:00
120,11:30:00
121,11:31:00
122,11:32:00
123,11:33:00
124,11:34:00
125,11:35:00
126,11:36:00
127,11:37:00
128,11:38:00
129,11:39:00
130,11:40:00
131,11:41:00
132,11:42:00
133,11:43:00
134,11:44:00
135,11:45:00
136,11:46:00
137,11:47:00
138,11:48:00
139,11:49:00
140,11:50:00
141,11:51:00
142,11:52:00
143,11:53:00
144,11:54:00
145,11:55:00
146,11:56:00
147,11:57:00
148,11:58:00
149,11:59:00
150,12:00:00
151,12:01:00
152,12:02:00
153,12:03:00
154,12:04:00
155,12:05:00
156,12:06:00
157,12:07:00
158,12:08:00
159,12:09:00
160,12:10:00
161,12:11:00
162,12:12:00
163,12:13:00
164,12:14:00
165,12:15:00
166,12:16:00
167,12:17:00
168,12:18:00
169,12:19:00
170,12:20:00
171,12:21:00
172,12:22:00
173,12:23:00
174,12:24:00
175,12:25:00
176,12:26:00
177,12:27:00
178,12:28:00
179,12:29:00
180,12:30:00
181,12:31:00
182,12:32:00
183,12:33:00
184,12:34:00
185,12:35:00
186,12:36:00
187,12:37:00
188,12:38:00
189,12:39:00
190,12:40:00
191,12:41:00
192,12:42:00
193,12:43:00
194,12:44:00
195,12:45:00
196,12:46:00
197,12:47:00
198,12:48:00
199,12:49:00
200,12:50:00
201,12:51:00
202,12:52:00
203,12:53:00
204,12:54:00
205,12:55:00
206,12:56:00
207,12:57:00
208,12:58:00
209,12:59:00
210,13:00:00
211,13:01:00
212,13:02:00
213,13:03:00
214,13:04:00
215,13:05:00
216,13:06:00
217,13:07:00
218,13:08:00
219,13:09:00
220,13:10:00
221,13:11:00
222,13:12:00
223,13:13:00
224,13:14:00
225,13:15:00
226,13:16:00
227,13:17:00
228,13:18:00
229,13:19:00
230,13:20:00
231,13:21:00
232,13:22:00
233,13:23:00
234,13:24:00
235,13:25:00
236,13:26:00
237,13:27:00
238,13:28:00
239,13:29:00
240,13:30:00
241,13:31:00
242,13:32:00
243,13:33:00
244,13:34:00
245,13:35:00
246,13:36:00
247,13:37:00
248,13:38:00
249,13:39:00
250,13:40:00
251,13:41:00
252,13:42:00
253,13:43:00
254,13:44:00
255,13:45:00
256,13:46:00
257,13:47:00
258,13:48:00
259,13:49:00
260,13:50:00
261,13:51:00
262,13:52:00
263,13:53:00
264,13:54:00
265,13:55:00
266,13:56:00
267,13:57:00
268,13:58:00
269,13:59:00
270,14:00:00
271,14:01:00
272,14:02:00
273,14:03:00
274,14:04:00
275,14:05:00
276,14:06:00
277,14:07:00
278,14:08:00
279,14:09:00
280,14:10:00
281,14:11:00
282,14:12:00
283,14:13:00
284,14:14:00
285,14:15:00
286,14:16:00
287,14:17:00
288,14:18:00
289,14:19:00
290,14:20:00
291,14:21:00
292,14:22:00
293,14:23:00
294,14:24:00
295,14:25:00
296,14:26:00
297,14:27:00
298,14:28:00
299,14:29:00
300,14:30:00
301,14:31:00
302,14:32:00
303,14:33:00
304,14:34:00
305,14:35:00
306,14:36:00
307,14:37:00
308,14:38:00
309,14:39:00
310,14:40:00
311,14:41:00
312,14:42:00
313,14:43:00
314,14:44:00
315,14:45:00
316,14:46:00
317,14:47:00
318,14:48:00
319,14:49:00
320,14:50:00
321,14:51:00
322,14:52:00
323,14:53:00
324,14:54:00
325,14:55:00
326,14:56:00
327,14:57:00
328,14:58:00
329,14:59:00
330,15:00:00
331,15:01:00
332,15:02:00
333,15:03:00
334,15:04:00
335,15:05:00
336,15:06:00
337,15:07:00
338,15:08:00
339,15:09:00
340,15:10:00
341,15:11:00
342,15:12:00
343,15:13:00
344,15:14:00
345,15:15:00
346,15:16:00
347,15:17:00
348,15:18:00
349,15:19:00
350,15:20:00
351,15:21:00
352,15:22:00
353,15:23:00
354,15:24:00
355,15:25:00
356,15:26:00
357,15:27:00
358,15:28:00
359,15:29:00
360,15:30:00
361,15:31:00
362,15:32:00
363,15:33:00
364,15:34:00
365,15:35:00
366,15:36:00
367,15:37:00
368,15:38:00
369,15:39:00
370,15:40:00
371,15:41:00
372,15:42:00
373,15:43:00
374,15:44:00
375,15:45:00
376,15:46:00
377,15:47:00
378,15:48:00
379,15:49:00
380,15:50:00
381,15:51:00
382,15:52:00
383,15:53:00
384,15:54:00
385,15:55:00
386,15:56:00
387,15:57:00
388,15:58:00
389,15:59:00
